FAM_DEC_INF__FAM_DEC;CD_DEC;LIBELLE
COMMU;01290;PEROUGES
COMMU;01296;PIRAJOUX
COMMU;01300;LE POIZAT
COMMU;01301;POLLIAT
COMMU;01303;PONCIN
COMMU;01307;PORT
COMMU;01320;REPLONGES
COMMU;01331;SAINT-ALBAN
COMMU;01332;SAINT-ANDRE-DE-BAGE
COMMU;01343;SAINT-CYR-SUR-MENTHON
COMMU;01350;SAINT-ETIENNE-DU-BOIS
COMMU;01355;SAINT-GENIS-SUR-MENTHON
COMMU;01357;SAINT-GERMAIN-DE-JOUX
COMMU;01365;SAINT-JEAN-SUR-VEYLE
COMMU;01369;SAINT-JUST
COMMU;01373;SAINT-MARTIN-DU-FRENE
COMMU;01374;SAINT-MARTIN-DU-MONT
COMMU;01376;SAINT-MAURICE-DE-BEYNOST
COMMU;01418;THIL
COMMU;01422;TOSSIAT
COMMU;01425;LA TRANCLIERE
COMMU;01430;VARAMBON
COMMU;01445;VILLEMOTIER
COMMU;01450;VILLIEU-LOYES-MOLLON
COMMU;01451;VIRIAT
COMMU;03061;CHARMES
COMMU;10045;Beurey
COMMU;10048;Bligny
COMMU;10053;Bouranton
COMMU;10066;Bucey-En-Othe
COMMU;10067;Bucheres
COMMU;10076;Champignol-Lez-Mondeville
COMMU;10083;Chappes
COMMU;10084;Charmont-Sous-Barbuise
COMMU;10092;Chauffour-Les-Bailly
COMMU;10100;Clerey
COMMU;10115;Creney-Pres-Troyes
COMMU;10124;Dierrey-Saint-Julien
COMMU;10142;Estissac
COMMU;10156;Fontvannes
COMMU;10159;Fralignes
COMMU;10162;Fresnoy-Le-Chateau
COMMU;10182;Juvancourt
COMMU;10186;Laines-Aux-Bois
COMMU;10205;Longpre-Le-Sec
COMMU;10210;Luyeres
COMMU;10211;Macey
COMMU;10213;Magnant
COMMU;10226;Marolles-Les-Bailly
COMMU;10240;Messon
COMMU;10245;Montaulin
COMMU;10255;Montreuil-Sur-Barse
COMMU;10260;Moussey
COMMU;10263;Neuville-Sur-Vannes
COMMU;10277;Palis
COMMU;10290;Planty
COMMU;10294;Poligny
COMMU;10329;Rouilly-Saint-Loup
COMMU;10335;Saint-Benoist-Sur-Vanne
COMMU;10340;Saint-Germain
COMMU;10344;Saint-Leger-Pres-Troyes
COMMU;10357;Saint-Parres-Aux-Tertres
COMMU;10360;Saint-Pouange
COMMU;10363;Saint-Thibault
COMMU;10375;Thennelieres
COMMU;10381;Torvilliers
COMMU;10406;Verrieres
COMMU;10412;Villechetif
COMMU;10415;Villemaur-Sur-Vanne
COMMU;10419;Villemoyenne
COMMU;10426;Ville-Sous-La-Ferte
COMMU;10433;Villy-En-Trodes
COMMU;10438;Vitry-Le-Croise
COMMU;10444;Vulaines
COMMU;18255;Le Subdray
COMMU;21001;Agencourt
COMMU;21016;Arceau
COMMU;21021;Arc-Sur-Tille
COMMU;21022;Argilly
COMMU;21030;Aubaine
COMMU;21038;Auxonne
COMMU;21042;Bagnot
COMMU;21054;Beaune
COMMU;21056;Beire-Le-Chatel
COMMU;21057;Beire-Le-Fort
COMMU;21065;Bessey-En-Chaume
COMMU;21073;Bierre-Les-Semur
COMMU;21086;Bligny-Les-Beaune
COMMU;21087;Bligny-Sur-Ouche
COMMU;21088;Boncourt-Le-Bois
COMMU;21091;Bouhey
COMMU;21099;Bouze-Les-Beaune
COMMU;21105;Bressey-Sur-Tille
COMMU;21106;Breteniere
COMMU;21110;Brochon
COMMU;21111;Brognon
COMMU;21128;Chailly-Sur-Armancon
COMMU;21138;Champdotre
COMMU;21147;Charny
COMMU;21152;Chateauneuf
COMMU;21156;Chaudenay-Le-Chateau
COMMU;21171;Chevigny-Saint-Sauveur
COMMU;21173;Chorey-Les-Beaune
COMMU;21177;Clamerey
COMMU;21183;Collonges-Les-Premieres
COMMU;21184;Colombier
COMMU;21186;Comblanchien
COMMU;21194;Corgoloin
COMMU;21200;Couchey
COMMU;21205;Courcelles-Les-Semur
COMMU;21209;Couternon
COMMU;21210;Creancey
COMMU;21213;Crimolois
COMMU;21214;Crugey
COMMU;21244;Eguilly
COMMU;21247;Epoisses
COMMU;21261;Fauverney
COMMU;21263;Fenay
COMMU;21265;Fixin
COMMU;21266;Flacey
COMMU;21267;Flagey-Echezeaux
COMMU;21272;Flee
COMMU;21280;Fontangy
COMMU;21282;Forleans
COMMU;21290;Gemeaux
COMMU;21292;Genlis
COMMU;21295;Gevrey-Chambertin
COMMU;21297;Gilly-Les-Citeaux
COMMU;21298;Gissey-Le-Vieil
COMMU;21301;Glanon
COMMU;21320;Izier
COMMU;21330;Labergement-Foigney
COMMU;21331;Labergement-Les-Auxonne
COMMU;21333;Labruyere
COMMU;21347;Levernois
COMMU;21355;Longvic
COMMU;21361;Lux
COMMU;21362;Maconge
COMMU;21370;Magny-Sur-Tille
COMMU;21371;Les Maillys
COMMU;21380;Marcigny-Sous-Thil
COMMU;21390;Marsannay-La-Cote
COMMU;21405;Merceuil
COMMU;21423;Montagny-Les-Beaune
COMMU;21436;Montmain
COMMU;21442;Morey-Saint-Denis
COMMU;21449;Nan-Sous-Thil
COMMU;21452;Neuilly-Les-Dijon
COMMU;21457;Noidan
COMMU;21463;Normier
COMMU;52074;Breuvannes-En-Bassigny
COMMU;52106;Chanoy
COMMU;52114;Chateauvillain
COMMU;52127;Choiseul
COMMU;52147;Courcelles-En-Montagne
COMMU;52163;Dampierre
COMMU;52189;Le Val-D''Esnoms
COMMU;52196;Faverolles
COMMU;52200;Flagey
COMMU;52205;Foulain
COMMU;52207;Frecourt
COMMU;52217;Germainvilliers
COMMU;52258;Laferte-Sur-Aube
COMMU;52282;Leffonds
COMMU;52285;Leuchey
COMMU;52307;Marac
COMMU;52312;Mardor
COMMU;52320;Merrey
COMMU;52332;Val-De-Meuse
COMMU;52349;Neuilly-Sur-Suize
COMMU;52355;Noidant-Le-Rocheux
COMMU;52365;Orges
COMMU;52366;Ormancey
COMMU;52384;Perrogney-Les-Fontaines
COMMU;52399;Pont-La-Ville
COMMU;52422;Richebourg
COMMU;52432;Rolampont
COMMU;52447;Saint-Ciergues
COMMU;52469;Semoutiers-Montsaon
COMMU;52519;Vesvres-Sous-Chalancey
COMMU;52538;Villiers-Sur-Suize
COMMU;54008;Allain
COMMU;54041;Bagneux
COMMU;54073;Bicqueley
COMMU;54135;Colombey-Les-Belles
COMMU;54143;Crepey
COMMU;54146;Crezilles
COMMU;54189;Favieres
COMMU;54220;Gemonville
COMMU;54242;Gye
COMMU;54392;Moutrot
COMMU;54500;Selaincourt
COMMU;54528;Toul
COMMU;58044;La Celle-Sur-Loire
COMMU;58086;Cosne-Cours-Sur-Loire
COMMU;58187;Myennes
COMMU;58193;Neuvy-Sur-Loire
COMMU;58261;Saint-Pere
COMMU;68060;Burnhaupt-Le-Haut
COMMU;68314;Soppe-Le-Haut
COMMU;69005;Amberieux
COMMU;69009;Anse
COMMU;69013;Arnas
COMMU;69019;Belleville
COMMU;69033;Cailloux-Sur-Fontaines
COMMU;69055;Les Cheres
COMMU;69072;Dardilly
COMMU;69077;Drace
COMMU;69115;Limas
COMMU;69116;Limonest
COMMU;69117;Lissieu
COMMU;69122;Lucenay
COMMU;69125;Marcilly-D''Azergues
COMMU;69156;Pommiers
COMMU;69163;Quincieux
COMMU;69206;Saint-Georges-De-Reneins
COMMU;69242;Taponas
COMMU;1027;Balan
COMMU;1179;Grièges
COMMU;1424;Tramoyes
COMMU;1007;Ambronay
COMMU;1014;Arbent
COMMU;1024;Attignat
COMMU;1025;Bage-La-Ville
COMMU;1029;Beaupont
COMMU;1031;Bellignat
COMMU;1032;Beligneux
COMMU;1038;Beny
COMMU;1043;Beynost
COMMU;1049;La Boisse
COMMU;1053;Bourg-En-Bresse
COMMU;1054;Bourg-Saint-Christophe
COMMU;1062;Bressolles
COMMU;1063;Brion
COMMU;1067;Ceignes
COMMU;1069;Certines
COMMU;1072;Ceyzeriat
COMMU;1077;Challes
COMMU;1087;Charix
COMMU;1088;Charnoz-Sur-Ain
COMMU;1089;Chateau-Gaillard
COMMU;1091;Chatillon-En-Michaille
COMMU;1099;Chazey-Sur-Ain
COMMU;1105;Civrieux
COMMU;1115;Confrancon
COMMU;1134;Crottet
COMMU;1140;Curtafond
COMMU;1142;Dagneux
COMMU;1147;Domsure
COMMU;1151;Druillat
COMMU;1159;Feillens
COMMU;1170;Geovreissiat
COMMU;1171;Geovreisset
COMMU;1181;Groissiat
COMMU;1192;Izernore
COMMU;1195;Jasseron
COMMU;1200;Labalme
COMMU;1204;Lalleyriat
COMMU;1213;Leyment
COMMU;1228;Maillat
COMMU;1232;Marboz
COMMU;1237;Martignat
COMMU;1238;Massieux
COMMU;1244;Meximieux
COMMU;1248;Mionnay
COMMU;1249;Miribel
COMMU;1254;Montagnat
COMMU;1262;Montluel
COMMU;1265;Montreal-La-Cluse
COMMU;1269;Nantua
COMMU;1273;Neuville-Sur-Ain
COMMU;1274;Les Neyrolles
COMMU;1275;Neyron
COMMU;1276;Nievroz
COMMU;1283;Oyonnax
COMMU;1285;Parcieux
COMMU;1290;Perouges
COMMU;1296;Pirajoux
COMMU;1300;Le Poizat
COMMU;1301;Polliat
COMMU;1303;Poncin
COMMU;1307;Port
COMMU;1320;Replonges
COMMU;1331;Saint-Alban
COMMU;1332;Saint-Andre-De-Bage
COMMU;1343;Saint-Cyr-Sur-Menthon
COMMU;1350;Saint-Etienne-Du-Bois
COMMU;1355;Saint-Genis-Sur-Menthon
COMMU;1357;Saint-Germain-De-Joux
COMMU;1365;Saint-Jean-Sur-Veyle
COMMU;90059;Lacollonge
COMMU;90062;La Rivière
COMMU;90067;Menoncourt
COMMU;90076;Pérouse
COMMU;90080;Phaffans
COMMU;90097;Trévenans
COMMU;90100;Vauthiermont
CONCES;A105;Non Renseigné
CONCES;A19;Non Renseigné
CONCES;A26;Non Renseigné
CONCES;A31;Non Renseigné
CONCES;A311;Non Renseigné
CONCES;A36;Non Renseigné
CONCES;A39;Non Renseigné
CONCES;A391;Non Renseigné
CONCES;A40;Non Renseigné
CONCES;A404;Non Renseigné
CONCES;A42;Non Renseigné
CONCES;A432;Non Renseigné
CONCES;A46;Non Renseigné
CONCES;A5;Non Renseigné
CONCES;A5A;Non Renseigné
CONCES;A6;Non Renseigné
CONCES;A71;Non Renseigné
COMMU;38197;Janneyrias
COMMU;38557;Villette-D''Anthon
COMMU;39017;Arlay
COMMU;39049;Bersaillin
COMMU;39054;Biefmorin
COMMU;39077;Bretenieres
COMMU;39101;Champvans
COMMU;39110;La Charme
COMMU;39150;Choisey
COMMU;39159;Colonne
COMMU;39162;Condamine
COMMU;39171;Courlaoux
COMMU;39182;Crissey
COMMU;39189;Damparis
COMMU;39190;Dampierre
COMMU;39229;Fontainebrux
COMMU;39233;Foucherans
COMMU;39252;Gevry
COMMU;39279;Larnaud
COMMU;1369;Saint-Just
COMMU;1373;Saint-Martin-Du-Frene
COMMU;1374;Saint-Martin-Du-Mont
COMMU;1376;Saint-Maurice-De-Beynost
COMMU;1418;Thil
COMMU;1422;Tossiat
COMMU;1425;La Trancliere
COMMU;1430;Varambon
COMMU;1445;Villemotier
COMMU;1450;Villieu-Loyes-Mollon
COMMU;1451;Viriat
COMMU;3061;Charmes
DEPART;3;Allier
COMMU;1304;Pont-D''Ain
COMMU;3021;Begues
COMMU;3022;Bellenaves
COMMU;3027;Bezenet
COMMU;3031;Bizeneuille
COMMU;3075;Chezelle
COMMU;3097;Deneuille Les Mines
COMMU;3104;Doyet
COMMU;3118;Gannat
COMMU;3123;Givarlais
COMMU;3153;Louroux Hodement
COMMU;3158;Maillet
COMMU;3175;Monestier
COMMU;3182;Monteignet Sur Andelot
COMMU;3186;Montmarault
COMMU;3193;Nassigny
COMMU;3194;Naves
COMMU;3219;Saint Bonnet De Four
COMMU;3220;Saint Bonnet De Rochefort
COMMU;3243;Saint Marcel En Murat
COMMU;3255;Saint Priest D’Andelot
COMMU;3256;Saint Priest En Murat
COMMU;3270;Sazeret
COMMU;3277;Target
COMMU;3297;Vallon En Sully
COMMU;3305;Verneix
COMMU;3311;Vicq
COMMU;69264;Villefranche-Sur-Saone
COMMU;69278;Genay
COMMU;69280;Jons
COMMU;69285;Pusignan
COMMU;69286;Rillieux-La-Pape
COMMU;69288;Saint-Laurent-De-Mure
COMMU;69299;Colombier-Saugnieu
COMMU;71027;Beaurepaire-En-Bresse
COMMU;71052;Boyer
COMMU;71073;Chagny
COMMU;71074;Chaintre
COMMU;71081;Champforgeuil
COMMU;71090;La Chapelle-De-Guinchay
COMMU;71099;Charbonnieres
COMMU;71105;Charnay-Les-Macon
COMMU;71118;Chatenoy-Le-Royal
COMMU;71119;Chaudenay
COMMU;71143;Condal
COMMU;71150;Creches-Sur-Saone
COMMU;71157;Cuiseaux
COMMU;71170;Demigny
COMMU;71177;Dommartin-Les-Cuiseaux
COMMU;71195;Farges-Les-Macon
COMMU;71198;Flacey-En-Bresse
COMMU;71202;Fontaines
COMMU;71204;Fragnes
COMMU;71209;Frontenaud
COMMU;71235;Hurigny
COMMU;71245;Jugy
COMMU;71249;Laives
COMMU;71257;Lessard-Le-National
CONCES;A710W;Non Renseigné
CONCES;A719;Non Renseigné
CONCES;A77;Non Renseigné
CONCES;TML;Non Renseigné
DEPART;10;Aube
DEPART;18;Cher
DEPART;21;Côte-D''Or
DEPART;25;Doubs
DEPART;38;Isère
DEPART;39;Jura
DEPART;45;Loiret
DEPART;52;Hte.Marne
DEPART;54;Meurthe-Et-Moselle
DEPART;58;Nièvre
DEPART;63;Puy-De-Dôme
DEPART;68;Haut-Rhin
DEPART;69;Rhône
DEPART;71;Saône-Et-Loire
DEPART;77;Seine-Et-Marne
DEPART;88;Vosges
DEPART;89;Yonne
DEPART;90;Territoire-De-Belfort
DEPART;91;Essonne
DIS;11;Gâtinais
DIS;14;Vals de l''Yonne
DIS;16;Brie
DIS;17;Loiret
DIS;21;Centre de la France
DIS;24;Auvergne
DIS;45;Auxois
DIS;47;Centre Bourgogne
COMMU;01304;PONT-D''AIN
DIS;41;Val De Saone
DIS;42;Villefranche
DIS;43;Dagneux
DIS;44;Bourg
DIS;46;Haut Bugey
DIS;51;Belfort Montbeliard
DIS;53;Comtois
DIS;55;Tunnel Maurice Lemaire
DIS;56;Jura
DIS;62;Haute-Marne
DIS;64;Lorraine
DIS;65;Aube
DIS;68;Dijonnais
NIVEAU;NIVEAU1;Vh Prioritaire
NIVEAU;NIVEAU2;Vh Moyen
NIVEAU;NIVEAU3;Vh Faible
PG;AUXERRE;Peloton Auxerre
PG;AVALLON;Peloton Avallon
PG;BEAUNE;Peloton Beaune
PG;BELFORT;Peloton Belfort
PG;BESANÇON;Peloton Besançon
PG;BOURG;Peloton Bourg
PG;BULGNÉVILLE;Peloton Bulgnéville
PG;CHALON;Peloton Chalon
PG;COURLAOUX;Peloton Courlaoux
PG;COURTENAY;Peloton Courtenay
PG;CRS 4;Crs 4
PG;CRS 45;Crs 45
PG;CRS 5;Crs 5
PG;DAGNEUX;Peloton Dagneux
PG;DIJON;Peloton Dijon
PG;DOLE;Peloton Dole
PG;LANGRES;Peloton Langres
PG;LEVET;Peloton Levet
PG;MÂCON;Peloton Mâcon
PG;MONTEREAU;Peloton Montereau
PG;MONTMARAULT;Peloton Montmarault
PG;NEMOURS;Peloton Nemours
PG;PANNES;Peloton Pannes
PG;POUILLY;Peloton Pouilly
PG;RIOM;Peloton Riom
PG;SENS;Peloton Sens
PG;ST.MARTIN-DU-FR;Peloton St.Martin-Du-Fresne
PG;TOUL;Peloton Toul
PG;TROYES;Peloton Troyes
PG;VALLON-EN-SULLY;Peloton Vallon-En-Sully
PG;VILLARS;Peloton Villars
PG;VILLEFRANCHE;Peloton Villefranche
REG;10;Paris
REG;40;Rhône
REG;50;Rhin
CONCES;A714;Non Renseigné
COMMU;25461;Pompierre-Sur-Doubs
COMMU;25547;Sochaux
COMMU;25552;Sourans
COMMU;25622;Villers-Buzon
COMMU;71265;La Loyere
COMMU;71270;Macon
COMMU;71300;Le Miroir
COMMU;71305;Montbellet
COMMU;71372;Romaneche-Thorins
COMMU;71379;Sagy
COMMU;71383;Saint-Albain
COMMU;71384;Saint-Ambreuil
COMMU;71444;Saint-Loup-De-Varennes
COMMU;71448;Saint-Martin-Belle-Roche
COMMU;71475;Saint-Remy
COMMU;71481;Saint-Symphorien-D''Ancelles
COMMU;71494;La Salle
COMMU;71497;Sance
COMMU;71506;Savigny-En-Revermont
COMMU;71512;Sennecey-Le-Grand
COMMU;71513;Senozan
COMMU;71520;Sevrey
COMMU;71543;Tournus
COMMU;71550;Uchizy
COMMU;71555;Varennes-Le-Grand
COMMU;71576;Le Villars
COMMU;71583;Vinzelles
COMMU;71584;Vire
COMMU;71591;Fleurville
COMMU;77021;Barbey
COMMU;77034;Blandy
COMMU;77086;La Chapelle-Gauthier
COMMU;77099;Chateau-Landon
COMMU;77100;Le Chatelet-En-Brie
COMMU;77103;Chatillon-La-Borde
COMMU;77122;Combs-La-Ville
COMMU;77145;Crisenoy
COMMU;77156;Darvault
COMMU;77164;Echouboulains
COMMU;77165;Les Ecrennes
COMMU;77175;Evry-Gregy-Sur-Yerre
COMMU;77194;Forges
COMMU;77195;Fouju
COMMU;77210;La Grande-Paroisse
COMMU;77212;Gravon
COMMU;77251;Lieusaint
COMMU;77279;Marolles-Sur-Seine
COMMU;77293;Misy-Sur-Yonne
COMMU;77295;Moisenay
COMMU;77296;Moissy-Cramayel
COMMU;77305;Montereau-Fault-Yonne
COMMU;77306;Montereau-Sur-Le-Jard
COMMU;77354;Pamfou
COMMU;77359;Perthes
COMMU;77384;Reau
COMMU;77409;Saint-Germain-Laval
COMMU;77410;Saint-Germain-Laxis
COMMU;77435;Saint-Sauveur-Sur-Ecole
COMMU;77453;Sivry-Courtry
COMMU;77458;Souppes-Sur-Loing
COMMU;77467;La Tombe
COMMU;77480;Valence-En-Brie
COMMU;77495;Vert-Saint-Denis
COMMU;88003;Aingeville
COMMU;88010;Aouze
COMMU;88013;Aroffe
COMMU;88020;Autreville
COMMU;21464;Nuits-Saint-Georges
COMMU;21469;Orgeux
COMMU;21472;Orville
COMMU;21473;Ouges
COMMU;21481;Perrigny-Les-Dijon
COMMU;21483;Pichanges
COMMU;21495;Pont
COMMU;21501;Pouilly-En-Auxois
COMMU;21505;Precy-Sous-Thil
COMMU;21506;Premeaux-Prissey
COMMU;21517;Quincey
COMMU;21529;Roilly
COMMU;21532;Rouvres-En-Plaine
COMMU;21555;Saint-Julien
COMMU;21565;Saint-Philibert
COMMU;21570;Sainte-Sabine
COMMU;21590;Savigny-Les-Beaune
COMMU;21599;Selongey
COMMU;21605;Sennecey-Les-Dijon
COMMU;21606;Ladoix-Serrigny
COMMU;21607;Seurre
COMMU;21609;Soirans
COMMU;21614;Spoy
COMMU;21616;Tailly
COMMU;21630;Thoisy-Le-Desert
COMMU;21633;Thorey-Sous-Charny
COMMU;21634;Thorey-Sur-Ouche
COMMU;21638;Til-Chatel
COMMU;21642;Toutry
COMMU;21643;Treclun
COMMU;21652;Vandenesse-En-Auxois
COMMU;21665;Vernois-Les-Vesvres
COMMU;21676;Vic-De-Chassenay
COMMU;21681;Vieux-Chateau
COMMU;21684;Vignoles
COMMU;21708;Villy-Le-Moutier
COMMU;25054;Berche
COMMU;25117;Champoux
COMMU;25224;Etouvans
COMMU;25249;Fontenotte
CLASSE;CLASSEA;Trafic Important
CLASSE;CLASSEB;Trafic Moyen
CLASSE;CLASSEC;Trafic Faible
COMMU;03021;BEGUES
COMMU;03022;BELLENAVES
COMMU;03027;BEZENET
COMMU;03031;BIZENEUILLE
COMMU;03075;CHEZELLE
COMMU;03097;DENEUILLE LES MINES
COMMU;03104;DOYET
COMMU;03118;GANNAT
COMMU;03123;GIVARLAIS
COMMU;03153;LOUROUX HODEMENT
COMMU;03158;MAILLET
COMMU;03175;MONESTIER
COMMU;03182;MONTEIGNET SUR ANDELOT
COMMU;03186;MONTMARAULT
COMMU;03193;NASSIGNY
COMMU;03194;NAVES
COMMU;03219;SAINT BONNET DE FOUR
COMMU;03220;SAINT BONNET DE ROCHEFORT
COMMU;03243;SAINT MARCEL EN MURAT
COMMU;03255;SAINT PRIEST D’ANDELOT
COMMU;03256;SAINT PRIEST EN MURAT
COMMU;03270;SAZERET
COMMU;03277;TARGET
COMMU;03297;VALLON EN SULLY
COMMU;03305;VERNEIX
COMMU;03311;VICQ
COMMU;18009;Arcomps
COMMU;18033;Bourges
COMMU;18034;Bouzais
COMMU;18038;Bruere Allichamps
COMMU;18041;La Celette
COMMU;18063;Chavannes
COMMU;18089;Epineuil Le Fleuriel
COMMU;18091;Farges Allichamps
COMMU;18093;Faverdines
COMMU;18126;Levet
COMMU;18129;Lissay-Lochy
COMMU;18169;Nozieres
COMMU;18171;Orcenais
COMMU;18172;Orval
COMMU;18180;Plaimpied-Givaudins
COMMU;18209;Saint Georges De Poisieux
COMMU;18212;Saint Germain Des Bois
COMMU;18221;Saint Loup Des Chaumes
COMMU;18238;Saint Vitte
COMMU;18245;Saulzais Le Potier
COMMU;18248;Sennecay
COMMU;18267;Trouy
COMMU;18268;Uzay Le Venon
COMMU;18270;Vallenay
COMMU;21131;Chamblanc
COMMU;21268;Flagey Les Auxonne
COMMU;21285;Franxault
COMMU;21342;Laperrière Sur Saône
COMMU;21356;Losne
COMMU;21475;Pagny Le Château
COMMU;21572;St Seine En Bache
COMMU;21575;St Symphorien Sur Saône
COMMU;21581;Samerey
COMMU;25020;Arbouans
COMMU;25032;Autechaux
COMMU;25047;Beaume Les Dames
COMMU;25055;Berthelange
COMMU;25056;Besançon
COMMU;25067;Blussans
COMMU;25086;Braillans
COMMU;25088;Bréconchaux
COMMU;25097;Brognard
COMMU;25115;Champagney
COMMU;25119;Champvans Les Moulins
COMMU;25132;Châtillon Guyotte
COMMU;25133;Chatillon Le Duc
COMMU;25137;Chaudefontaine
COMMU;25147;Chemaudin
COMMU;25156;Clerval
COMMU;25188;Dambenois
COMMU;25191;Dampierre Sur Le Doubs
COMMU;25195;Dannemarie Sur Crête
COMMU;25212;Ecole Valentin
COMMU;25214;Ecot
COMMU;25215;L''Écouvotte
COMMU;25228;Etupes
COMMU;25230;Exincourt
COMMU;25235;Ferrières Les Bois
COMMU;25246;Fontaine Les Clerval
COMMU;25298;Grobois
COMMU;25306;L''Hopital St Lieffroy
COMMU;25315;L''Isle Sur Le Doubs
COMMU;25354;Luxiol
COMMU;25368;Marchaux
COMMU;25370;Mathay
COMMU;25376;Merey Vieilley
COMMU;25381;Miserey Salines
COMMU;25388;Montbéliard
COMMU;25448;Pelousey
COMMU;25454;Pirey
COMMU;25466;Pouilley Français
COMMU;25467;Pouilley Les Vignes
COMMU;25468;Pouligney
COMMU;25474;Le Puy
COMMU;25479;Rang
COMMU;25516;St Georges Armont
COMMU;25518;St Hilaire
COMMU;25524;St Maurice Colombier
COMMU;25527;St Vit
COMMU;25531;Santoche
COMMU;25538;Séchin
COMMU;25593;Vaux Les Prés
COMMU;25612;Vieilley
COMMU;25614;Vieux-Charmont
COMMU;25618;Villars Sous Ecot
COMMU;25629;Voillans
COMMU;25632;Voujeaucourt
COMMU;39012;Antorpe
COMMU;39014;Archelange
COMMU;39024;Audelange
COMMU;39029;Aumur
COMMU;39030;Authume
COMMU;39031;Auxange
COMMU;39051;Biarne
COMMU;39121;Chatenois
COMMU;39219;Evans
COMMU;39246;Gendrey
COMMU;39270;Jouhe
COMMU;39284;Lavangeot
COMMU;39285;Lavans Les Dole
COMMU;39302;Louvatange
COMMU;39414;Petit Mercey
COMMU;39465;Romange
COMMU;39501;Sampans
COMMU;45026;Bazoches Sur Le Betz
COMMU;45032;Le Bignon Mirabeau
COMMU;45094;Chevry Sous Le Bignon
COMMU;45136;Ervauville
COMMU;45149;Foucherolles
COMMU;45265;Rosoy-Le-Vieil
COMMU;45281;St Hilaire Les Andresis
COMMU;63012;Artonne
COMMU;63035;Beauregard Vendon
COMMU;63068;Cellule
COMMU;63082;Champs
COMMU;63113;Clermont Ferrand
COMMU;63116;Combronde
COMMU;63135;Davayat
COMMU;63164;Gerzat
COMMU;63167;Gimeaux
COMMU;63181;Jozerand
COMMU;63224;Menetrol
COMMU;63278;Pessat Villeneuve
COMMU;63300;Riom
COMMU;63311;Saint Agoulin
COMMU;63322;Saint Beauzire
COMMU;63327;Saint Bonnet Pres Riom
COMMU;63379;Saint Myon
COMMU;63446;Vensat
COMMU;68052;Bretten
COMMU;68059;Burnhaupt-Le -Bas
COMMU;68071;Diefmatten
COMMU;68085;Eteimbes
COMMU;68129;Heimsbrunn
COMMU;68195;Lutterbach
COMMU;68218;Morschviller-Le Bas
COMMU;68267;Reiningue
COMMU;68302;Schweighouse-Thann
COMMU;68313;Soppe-Le-Bas
COMMU;77001;Acheres La Foret
COMMU;77006;Arbonne La Foret
COMMU;77065;Cely
COMMU;77071;Chaintreaux
COMMU;77088;La Chapelle La Reine
COMMU;77168;Egreville
COMMU;77185;Fleury
COMMU;77186;Fontainebleau
COMMU;77216;Gretz Sur Loing
COMMU;77333;Nemours
COMMU;77339;Noisy Sur Ecole
COMMU;77370;Poligny
COMMU;77412;St Germain Sur Ecole
COMMU;77431;St Pierre Les Nemours
COMMU;77477;Ury
COMMU;77520;Villiers Sous Gretz
COMMU;89003;Aillant Sur Thollon
COMMU;89013;Appoigny
COMMU;89024;Auxerre
COMMU;89037;Beon
COMMU;890401;Sougeres Sur Sinotte
COMMU;89053;Branches
COMMU;89080;La Chapelle Sur Oreuse
COMMU;89108;Chitry Le Fort
COMMU;89126;Courtoin
COMMU;89127;Courtois Sur Yonne
COMMU;89133;Cudot
COMMU;89136;Cuy
COMMU;89151;Egriselle Le Bocage
COMMU;89167;Fleuty La Vallee
COMMU;89196;Guerchy
COMMU;89198;Gurgy
COMMU;89213;Laduz
COMMU;89263;Moneteau
COMMU;89274;Nailly
COMMU;89298;Piffonds
COMMU;89313;Precy Sur Vrin
COMMU;89319;Quenne
COMMU;89341;St Cyr Les Colons
COMMU;89342;St Denis Les Sens
COMMU;89350;St Loup D''Ordon
COMMU;89353;St Martin D''Ordon
COMMU;89366;Saint-Romain-Le-Preux
COMMU;89380;Savigny Sur Clairis
COMMU;89384;Senan
COMMU;89388;Sepeaux
COMMU;89404;Subligny
COMMU;89438;Venoy
COMMU;89442;Vernoy
COMMU;89450;Villebougis
COMMU;89459;Villeneuve La Dondagre
COMMU;89466;Villeroy
COMMU;89484;Volgre
COMMU;90001;Andelnans
COMMU;90002;Angeot
COMMU;90010;Belfort
COMMU;90011;Bermont
COMMU;90012;Bessoncourt
COMMU;90015;Botans
COMMU;90032;Danjoutin
COMMU;90034;Denney
COMMU;90035;Dorans
COMMU;39310;Mantry
COMMU;39342;Monay
COMMU;39386;Neuvilley
COMMU;39387;Nevy-Les-Dole
COMMU;39396;Orchamps
COMMU;39405;Parcey
COMMU;39447;Quintigny
COMMU;39448;Rahon
COMMU;39471;Ruffey-Sur-Seille
COMMU;39480;Saint-Didier
COMMU;39489;Saint-Lothain
COMMU;39507;Seligney
COMMU;39508;Sellieres
COMMU;39520;Souvans
COMMU;39555;Vers-Sous-Sellieres
COMMU;39570;Villers-Les-Bois
COMMU;39571;Villers-Robert
COMMU;45023;Batilly-En-Puisaye
COMMU;45036;Boismorand
COMMU;45040;Bonny-Sur-Loire
COMMU;45053;Briare
COMMU;45060;La Bussiere
COMMU;45092;Chevillon-Sur-Huillard
COMMU;45096;Les Choux
COMMU;45104;Corquilleroy
COMMU;45120;Dammarie-En-Puisaye
COMMU;45127;Dordives
COMMU;45155;Gien
COMMU;45156;Girolles
COMMU;45158;Gondreville
COMMU;45222;Nargis
COMMU;45229;Nogent-Sur-Vernisson
COMMU;45239;Oussoy-En-Gatinais
COMMU;45242;Ouzouer-Des-Champs
COMMU;45245;Ouzouer-Sur-Trezee
COMMU;45247;Pannes
COMMU;45255;Prefontaines
COMMU;45283;Saint-Hilaire-Sur-Puiseaux
COMMU;45323;Thou
COMMU;45328;Treilles-En-Gatinais
COMMU;45332;Varennes-Changy
COMMU;45338;Villemandeur
COMMU;45345;Vimory
COMMU;52014;Aprey
COMMU;52027;Aujeurres
COMMU;52042;Beauchemin
COMMU;52056;Blessonville
COMMU;52059;Bonnecourt
COMMU;88022;Auzainvilliers
COMMU;88031;Balleville
COMMU;88062;Blevaincourt
COMMU;88079;Bulgneville
COMMU;88095;Chatenois
COMMU;88123;Damblain
COMMU;88141;Dombrot-Sur-Vair
COMMU;88232;Harmonville
COMMU;88285;Mandres-Sur-Vair
COMMU;88324;La Neuveville-Sous-Chatenois
COMMU;88387;Removille
COMMU;88390;Robecourt
COMMU;88430;Saint-Ouen-Les-Parey
COMMU;88440;Sandaucourt
COMMU;88446;Saulxures-Les-Bulgneville
COMMU;88448;Sauville
COMMU;88478;Tranqueville-Graux
COMMU;88482;Urville
COMMU;88496;Vaudoncourt
COMMU;88514;Viocourt
COMMU;88524;Vrecourt
COMMU;89022;Athie
COMMU;89027;Bagneaux
COMMU;89109;Cisery
COMMU;89111;Les Clerimois
COMMU;89124;Courlon-Sur-Yonne
COMMU;89130;Cravant
COMMU;89144;Domats
COMMU;89162;Evry
COMMU;89171;Foissy-Sur-Vanne
COMMU;89172;Fontaine-La-Gaillarde
COMMU;89189;Gisy-Les-Nobles
COMMU;89208;Joux-La-Ville
COMMU;89214;Lailly
COMMU;89235;Magny
COMMU;89255;Michery
COMMU;89261;Molinons
COMMU;89277;Nitry
COMMU;89316;Provency
COMMU;89330;Sacy
COMMU;89333;Saint-Andre-En-Terre-Plaine
COMMU;89339;Sainte-Colombe
COMMU;89354;Saint-Martin-Du-Tertre
COMMU;89373;Saligny
COMMU;89377;Sauvigny-Le-Beureal
COMMU;89378;Sauvigny-Le-Bois
COMMU;89379;Savigny-En-Terre-Plaine
COMMU;89381;Sceaux
COMMU;89390;Serbonnes
COMMU;89399;Soucy
COMMU;89415;Thory
COMMU;89441;Vermenton
COMMU;89448;Vignes
COMMU;89461;Villeneuve-L''Archeveque
COMMU;89473;Villiers-Sur-Tholon
COMMU;89480;Vinneuf
COMMU;89483;Voisines
COMMU;91037;Auvernaux
COMMU;91179;Le Coudray-Montceaux
COMMU;91340;Lisses
COMMU;91441;Nainville-Les-Roches
COMMU;91468;Ormoy
COMMU;91599;Soisy-Sur-Ecole
COMMU;91617;Tigery
COMMU;91659;Villabe
CONCES;A406;Non Renseigné
APE;AP CHL;A. Péage Champagne-Lorraine
APE;AP SF;A. Péage Sud Francilien
APE;AP SBA;A. Péage Sud Bourgogne-Ain
APE;AP MC;A. Péage Du Massif Central
APE;AP PL;A. Péage Portes De Lyon
APE;AP FC;A. Péage Franche-Comté
COMMU;58007;Annay
COMMU;01027;BALAN
COMMU;77019;Balloy
COMMU;71026;Beaumont Sur Grosne
COMMU;21096;Boussenois
COMMU;54122;Chaudeney Sur Moselle
COMMU;52154;Crenay
COMMU;21231;Dijon
COMMU;52192;Essey Les Ponts
COMMU;01179;GRIèGES
COMMU;89197;Guillon
COMMU;52270;Lannes
COMMU;52283;Lenizeul
COMMU;89224;Licheres Pres Aigremont
COMMU;71260;Loché
COMMU;39296;Lombard
COMMU;88274;Longchamp Sous Chatenois
COMMU;63204;Malintrat
COMMU;52314;Marmesse
COMMU;52914;Montigny Le Roi
COMMU;45238;Ousson Sur Loire
COMMU;52410;Provencheres Sur Meuse
COMMU;88366;Rainville
COMMU;71476;Saint Romain Des Iles
COMMU;71511;Sennece Les Macon
COMMU;21639;Tillenay
COMMU;01424;TRAMOYES
COMMU;89421;Trevilly
COMMU;52498;Tronchoy
COMMU;25581;Valentin
COMMU;71556;Varennes Les Macon
COMMU;69256;Vaulx En Velin
COMMU;01007;AMBRONAY
COMMU;01014;ARBENT
COMMU;01024;ATTIGNAT
COMMU;01025;BAGE-LA-VILLE
COMMU;01029;BEAUPONT
COMMU;01031;BELLIGNAT
COMMU;01032;BELIGNEUX
COMMU;01038;BENY
COMMU;01043;BEYNOST
COMMU;01049;LA BOISSE
COMMU;01053;BOURG-EN-BRESSE
COMMU;01054;BOURG-SAINT-CHRISTOPHE
COMMU;01062;BRESSOLLES
COMMU;01063;BRION
COMMU;01067;CEIGNES
COMMU;01069;CERTINES
COMMU;01072;CEYZERIAT
COMMU;01077;CHALLES
COMMU;01087;CHARIX
COMMU;01088;CHARNOZ-SUR-AIN
COMMU;01089;CHATEAU-GAILLARD
COMMU;01091;CHATILLON-EN-MICHAILLE
COMMU;01099;CHAZEY-SUR-AIN
COMMU;01105;CIVRIEUX
COMMU;01115;CONFRANCON
COMMU;01134;CROTTET
COMMU;01140;CURTAFOND
COMMU;01142;DAGNEUX
COMMU;01147;DOMSURE
COMMU;01151;DRUILLAT
COMMU;01159;FEILLENS
COMMU;01170;GEOVREISSIAT
COMMU;01171;GEOVREISSET
COMMU;01181;GROISSIAT
COMMU;01192;IZERNORE
COMMU;01195;JASSERON
COMMU;01200;LABALME
COMMU;01204;LALLEYRIAT
COMMU;01213;LEYMENT
COMMU;01228;MAILLAT
COMMU;01232;MARBOZ
COMMU;01237;MARTIGNAT
COMMU;01238;MASSIEUX
COMMU;01244;MEXIMIEUX
COMMU;01248;MIONNAY
COMMU;01249;MIRIBEL
COMMU;01254;MONTAGNAT
COMMU;01262;MONTLUEL
COMMU;01265;MONTREAL-LA-CLUSE
COMMU;01269;NANTUA
COMMU;01273;NEUVILLE-SUR-AIN
COMMU;01274;LES NEYROLLES
COMMU;01275;NEYRON
COMMU;01276;NIEVROZ
COMMU;01283;OYONNAX
COMMU;01285;PARCIEUX
