CD_DOC__CODE;LIBELLE;REF
PLANS;Trefle.JPG;Trefle.JPG
PLANS;CR_Atelier Chaussées_05052011_V0a.pdf;CR_Atelier Chaussées_05052011_V0a.pdf
PLANS;Echangeurs.xls;Echangeurs.xls
PLANS;Type Position GMS.bmp;Type Position GMS.bmp
PLANS;1a31.dwg;1a31.dwg
PLANS;229a31a.dwg;229a31a.dwg
PLANS;229a31b.dwg;229a31b.dwg
PLANS;229a31c.dwg;229a31c.dwg
PLANS;229a31d.dwg;229a31d.dwg
PLANS;229a31e.dwg;229a31e.dwg
PLANS;229a31f.dwg;229a31f.dwg
PLANS;229a31g.dwg;229a31g.dwg
PLANS;221a31.dwg;221a31.dwg
PLANS;222a31.dwg;222a31.dwg
PLANS;223a31.dwg;223a31.dwg
PLANS;224a31.dwg;224a31.dwg
